{"stat.pickup.minecraft.flint_and_steel":1,"stat.walkOneCm":34808,"stat.useItem.minecraft.flint_and_steel":16,"stat.leaveGame":1,"stat.damageTaken":40,"stat.pickup.minecraft.obsidian":2,"stat.pickup.contenttweaker.nether_rune":1,"stat.pickup.minecraft.dye":3,"stat.flyOneCm":11423,"stat.deaths":1,"stat.jump":59,"stat.swimOneCm":691,"stat.playOneMinute":13887,"stat.pickup.betterwithmods.mystery_meat":2,"stat.sneakTime":112,"stat.damageDealt":20,"stat.crouchOneCm":24,"stat.timeSinceDeath":8529,"stat.sprintOneCm":2034,"stat.useItem.minecraft.stone_slab2":160,"stat.useItem.minecraft.water_bucket":1}